<?xml version="1.0" encoding="UTF-8"?>
<beans xmlns="http://www.springframework.org/schema/beans"
xmlns:tx="http://www.springframework.org/schema/tx"
xmlns:xsi="http://www.w3.org/2001/XMLSchema-instance"
xsi:schemaLocation="http://www.springframework.org/schema/beans
http://www.springframework.org/schema/beans/spring-beans.xsd" >
<bean id="dataSource" class="org.apache.tomcat.jdbc.pool.DataSource"
destroy-method="close">
<property name="driverClassName" value="com.mysql.cj.jdbc.Driver" />
<property name="url" value=
"jdbc:mysql://localhost/spring5fs?characterEncoding=utf8&amp;serverTimezone=UTC" /><property name="username" value="spring5" />
<property name="password" value="spring5" />
</bean>
<bean id="memberDao" class="ex7_4.MemberDao">
<constructor-arg ref="dataSource" />
</bean>
</beans>